T,TM,tm,H,P,VV,V,VM
23.4,30.3,19,59,0,6.3,4.3,5.4
22.4,30.3,16.9,57,0,6.9,3.3,7.6
24,31.8,16.9,51,0,6.9,2.8,5.4
,,,,,,,
,,,,,,,
,,,,,,,
22.8,30.2,17.6,55,0,7.7,3.7,7.6
23.1,30.6,17.4,46,0,6.9,3.3,5.4
22.9,30.6,17.4,51,0,6.9,3.5,3.5
,,,,,,,
,,,,,,,
,,,,,,,
22.3,30.1,15.7,43,0,6.9,2.8,5.4
21.8,30.6,14.8,41,0,6.9,1.9,5.4
21.6,30.6,14.2,43,0,6.9,3.1,7.6
,,,,,,,
,,,,,,,
,,,,,,,
21.6,29.6,16.4,58,0,6.9,2.2,3.5
21.9,29.6,16.6,58,0,6.9,2.4,5.4
22.3,29.9,17.5,55,0,6.9,3.1,5.4
,,,,,,,
,,,,,,,
,,,,,,,
21.6,29.1,15.5,47,0,7.7,4.8,7.6
21.8,29.2,14.6,41,0,6.9,2.8,3.5
22.3,30.1,15.6,40,0,6.9,2.4,5.4
,,,,,,,
,,,,,,,
,,,,,,,
22.1,29.8,17.3,54,0,6.9,5.2,9.4
21.6,29.2,15.3,51,0,6.9,3.9,5.4
21.4,29.2,15.2,45,0,6.9,2.8,5.4
21.8,29.6,14.4,37,0,7.4,2.2,3.5
,,,,,,,
,,,,,,,
,,,,,,,
24.6,32.2,18.8,55,0,6.9,2.2,3.5
24.6,32.2,21,63,0.51,5.5,3.9,9.4
23.9,31.6,19,51,0,6.6,5.9,9.4
,,,,,,,
,,,,,,,
,,,,,,,
24.5,31.5,18.9,49,0,6.9,4.8,9.4
23.9,31.5,19.7,64,0,6.3,5.2,9.4
24.3,31.4,20.2,68,0,6.9,3.5,5.4
,,,,,,,
,,,,,,,
,,,,,,,
24.8,31.8,20.5,62,0,6.3,2,5.4
24.5,32.2,19.7,59,0,6.6,3.9,5.4
24.3,32.2,18,47,0,6.9,5,9.4
,,,,,,,
,,,,,,,
,,,,,,,
24.1,33.4,15.9,29,0,7.7,3.5,5.4
24.7,32.4,16.3,30,0,6.9,5,9.4
24.7,32.4,16.9,32,0,6.9,0.9,3.5
,,,,,,,
25.5,33,18.5,26,0,6.9,3.9,5.4
25.5,33,18.9,34,0,6.9,4.6,7.6
25.3,33.2,18.5,31,0,6.9,3.5,5.4
,,,,,,,
,,,,,,,
,,,,,,,
24,30.4,21,71,0,6.3,5.2,5.4
25.4,32,20,56,0.51,6.9,3.5,5.4
25.8,34.1,20.3,51,0,6.6,1.5,3.5
,,,,,,,
,,,,,,,
,,,,,,,
27.1,34.8,20.2,30,0,6.9,3.1,5.4
26.8,34.7,20.7,34,0,6.9,2.4,5.4
25.3,34.2,18.9,40,0,6.9,3.9,5.4
,,,,,,,
,,,,,,,
,,,,,,,
26.9,34.6,19.9,37,0,6.9,5,5.4
27.1,34.6,20.4,39,0,6.9,5,7.6
26.8,34.5,20.5,32,0,6.9,4.6,7.6
,,,,,,,
,,,,,,,
,,,,,,,
28.1,34.8,21.3,44,0,6.3,3.9,7.6
28.8,35.4,23.2,44,0,6.9,4.3,5.4
28.5,35.8,22.9,39,0,6.9,3.7,7.6
,,,,,,,
,,,,,,,
,,,,,,,
28.1,36.5,22.4,57,0,6.9,3.1,5.4
27.2,36.5,20.7,58,11.94,6.9,4.3,7.6
26.9,34.9,22.2,54,0,6.9,5,11.1
27.8,34.9,22.1,58,1.02,6.9,3.5,7.6
,,,,,,,
,,,,,,,
,,,,,,,
29.9,36.8,23.3,41,0,6.9,3.7,7.6
29.4,36.8,24.4,44,0,6.9,2,7.6
29.6,36,24.5,42,0,6.9,3.9,7.6
,,,,,,,
,,,,,,,
,,,,,,,
27.7,36.2,21.4,42,0,6.9,3.5,3.5
29.2,35.9,23.1,50,0,6.9,3.9,7.6
27.5,35.9,22.6,56,-,6.3,5.9,11.1
,,,,,,,
,,,,,,,
,,,,,,,
28.2,35.8,22.5,50,0,6.9,5,7.6
28.9,35.7,23.3,45,0,6.9,3.5,5.4
28.2,35.7,22.6,53,0,6.9,4.6,5.4
,,,,,,,
,,,,,,,
,,,,,,,
28.4,34.7,23.3,54,0,6.9,3.3,5.4
28.2,34.5,24.4,56,0,6.9,3,5.4
28.4,35.3,23.3,56,0,7.7,3.3,5.4
,,,,,,,
,,,,,,,
,,,,,,,
28.7,37,22.7,43,0,6.9,3.5,5.4
29.6,37.6,24,51,0,6.9,4.8,7.6
28.3,37.6,24,58,0.51,6.9,6.5,11.1
,,,,,,,
,,,,,,,
,,,,,,,
28.8,35.1,24.3,58,0,6.9,4.6,5.4
28,35.1,23.4,61,0,6.9,5.9,7.6
26.9,35.3,22.2,63,1.02,6.9,4.3,7.6
,,,,,,,
,,,,,,,
,,,,,,,
26.1,32.1,22.1,68,0,6.9,4.4,5.4
26.3,32.1,21.9,63,0,6.9,6.5,11.1
26.4,33.8,21.6,58,0,7.6,5.6,7.6
,,,,,,,
,,,,,,,
,,,,,,,
26.2,35.7,22.4,71,4.06,6.9,3,5.4
25.2,33.8,21.4,75,13.97,6.3,5,7.6
27.3,34,20.9,64,0,6.9,5,9.4
,,,,,,,
,,,,,,,
,,,,,,,
26.5,33.5,22,58,0,6.3,8,11.1
26.6,33,22,62,0,6.9,6.3,7.6
25.5,33,20.6,66,0,6.9,6.3,7.6
,,,,,,,
,,,,,,,
,,,,,,,
23.7,31.3,20.8,81,30.99,5.8,2.8,5.4
21.8,29.4,20,90,-,5.5,6.1,7.6
22.3,27.6,20,86,12.95,5.5,6.1,9.4
22.3,27.6,19.2,85,5.08,5.5,6.3,7.6
,,,,,,,
,,,,,,,
,,,,,,,
23.8,29.9,21,80,0,6.9,8.7,11.1
23,28.8,20.1,77,2.03,6.3,8.1,11.1
23.8,28.4,20.1,70,0,6.9,12.4,18.3
,,,,,,,
,,,,,,,
,,,,,,,
23.7,28.3,20,69,0,6.9,11.3,14.8
23.7,28.3,20.5,70,0,6.3,9.8,16.5
23.4,28.6,20,74,0,6.9,9.6,11.1
,,,,,,,
,,,,,,,
,,,,,,,
24.3,29.2,20.2,71,0,7.4,8.5,11.1
23.6,30.2,20.3,74,0,6.9,7.2,9.4
23.4,30.2,20,78,6.1,6.9,5,5.4
,,,,,,,
,,,,,,,
,,,,,,,
23.4,28.4,20.6,77,0,6.9,8.9,18.3
22.4,27.8,20.4,87,0,6.9,5.2,5.4
23.5,28.5,20.6,75,14.99,6.9,5.7,7.6
,,,,,,,
,,,,,,,
,,,,,,,
23.7,29.2,19.4,70,0,6.9,8.5,14.8
22.6,29.2,19.8,79,0,5.5,6.9,11.1
22.2,28.1,19.9,83,3.05,6.9,6.7,11.1
,,,,,,,
,,,,,,,
,,,,,,,
23.3,29.6,20.6,76,10.92,6.3,5,9.4
23.8,28.7,20.5,73,0,6.9,5.7,9.4
22.6,28.8,20.4,82,0,6.9,5.6,7.6
,,,,,,,
,,,,,,,
,,,,,,,
22.2,27.3,20.2,84,0,6.3,5.9,9.4
23.1,27.4,19.8,79,6.1,6.3,5,7.6
23.1,28.3,20.2,81,3.05,5.8,4.6,7.6
,,,,,,,
,,,,,,,
,,,,,,,
21.4,27,19.7,90,9.91,6.3,5.4,7.6
21.3,27,19.7,93,49.02,6.3,5.4,7.6
22.5,26,19.9,84,5.08,6.3,5.9,7.6
,,,,,,,
,,,,,,,
,,,,,,,
23.1,27.6,19.8,75,1.02,6.9,9.8,11.1
22.6,27.6,20,77,0,6.9,8.1,11.1
22.3,27.4,19.7,84,0.76,6.9,6.7,11.1
,,,,,,,
,,,,,,,
,,,,,,,
22,26.9,20,76,0,6.9,11.7,22.2
22.4,26.2,20,79,0,6.6,9.8,14.8
23.2,28.4,20.1,78,0.25,6.9,9.8,11.1
22.7,28.4,20.2,80,0,6.3,6.7,11.1
,,,,,,,
,,,,,,,
,,,,,,,
23.4,28,20.1,76,0,6.9,6.3,7.6
23.9,29.5,20.6,74,0,6.3,6.1,9.4
23.7,29.5,20.9,76,0,6.9,6.3,9.4
,,,,,,,
,,,,,,,
,,,,,,,
22.9,27.8,20.4,83,0,6.3,4.4,5.4
21.3,27.8,19.8,88,7.87,5.5,4.6,7.6
20.7,25.1,19,89,21.34,6.9,4.4,5.4
,,,,,,,
,,,,,,,
,,,,,,,
22.6,26.8,19.6,81,1.52,6.3,8.5,14.8
22.4,26.7,19.7,81,0,5.5,6.7,9.4
22.7,28.4,20.1,77,5.59,6.9,6.7,7.6
,,,,,,,
,,,,,,,
,,,,,,,
22.4,26.7,19.5,82,14.48,6.3,5.2,7.6
23.9,29,19.5,73,0.25,6.3,4.6,7.6
24.2,29.7,19.9,69,0,6.9,3.9,5.4
,,,,,,,
,,,,,,,
,,,,,,,
24.6,30.1,21.9,77,1.52,6.9,1.5,5.4
24.3,30.8,19.2,72,22.86,6.9,0.9,3.5
23.9,31.4,19,76,79.76,6.9,1.5,5.4
22.9,31.4,19.5,80,12.45,6.9,3.7,11.1
,,,,,,,
,,,,,,,
,,,,,,,
22.2,27.7,20,85,0,6.3,4.8,7.6
21.8,25.4,19.5,89,3.05,5.5,2.8,5.4
21.7,25.4,19.1,84,60.71,5.5,3.3,5.4
,,,,,,,
,,,,,,,
,,,,,,,
22.9,27.4,19.8,87,42.42,6.6,4.1,5.4
23.2,27.5,20.5,87,27.18,6.9,3,5.4
23,27.5,20.6,84,1.52,4.8,4.4,5.4
,,,,,,,
,,,,,,,
,,,,,,,
23.2,28.8,20.5,81,0,6.3,7.6,11.1
22.1,28.4,20.6,85,0,6.9,8,18.3
23.1,27.9,20.2,80,1.78,6.9,5.9,11.1
,,,,,,,
,,,,,,,
,,,,,,,
23.8,28.3,19.4,73,0,7.7,3.9,5.4
24.7,30.4,19.5,68,0,9.2,5,7.6
24.9,30.8,20,64,0,7.7,4.4,7.6
,,,,,,,
,,,,,,,
,,,,,,,
23.8,29.5,19.6,73,0,6.9,5,7.6
24.2,29.5,21.1,73,0,6.9,6.3,11.1
23.6,28.9,20.3,72,0,6.3,4.8,7.6
,,,,,,,
,,,,,,,
,,,,,,,
24.8,30,20.2,73,-,7.7,4.1,5.4
23.9,30,21.1,81,6.6,6.3,3.1,5.4
23.2,28.4,19.2,80,22.35,6.3,3.7,9.4
,,,,,,,
,,,,,,,
,,,,,,,
23.9,28.9,20,71,0,6.9,6.7,7.6
24.9,30.8,20.6,70,0,6.9,4.8,7.6
24.1,30.8,21.6,79,-,6.3,3.3,5.4
,,,,,,,
,,,,,,,
,,,,,,,
24.4,30.5,20.3,72,0,6.9,1.5,7.6
21.9,30.4,20.1,81,3.3,6.3,0.9,5.4
21.5,27.2,19.5,85,1.02,6.9,2.6,7.6
,,,,,,,
,,,,,,,
,,,,,,,
23.2,27,20.7,81,5.59,6.3,3.3,5.4
23.4,29.4,20.7,78,0,6.9,4.3,5.4
23.3,29.4,19.8,80,23.37,5.5,3.5,5.4
,,,,,,,
,,,,,,,
,,,,,,,
23.4,28.7,18.6,71,0,6.3,1.3,5.4
24.2,29.6,19.6,73,0,6.9,2.2,5.4
23.3,29.6,19.9,80,2.03,5.8,3.9,7.6
22.9,29,20,78,0.76,6,4.3,7.6
,,,,,,,
,,,,,,,
,,,,,,,
23.3,29,19,69,0,6.3,2.8,5.4
22.2,29,18.4,69,0,6.9,1.5,5.4
22.2,28.2,17.3,68,0,6.9,2.2,5.4
,,,,,,,
,,,,,,,
,,,,,,,
21.8,28.6,18.5,71,0,6.3,0,-
22,28,17.8,67,0,5.5,1.1,3.5
21.4,28,15.6,63,0,6.3,1.1,3.5
,,,,,,,
,,,,,,,
,,,,,,,
22.4,29,16.8,74,0,6.3,1.9,3.5
22.3,29,18.2,68,0,6.3,1.3,3.5
22.7,30,16.5,65,0,6.9,1.1,3.5
,,,,,,,
,,,,,,,
,,,,,,,
22.5,28.5,19.8,80,0.51,6.3,2,5.4
23.1,29.2,19.2,74,2.29,6.9,1.1,5.4
22.7,29.2,18.8,67,0,6.9,0.4,3.5
,,,,,,,
,,,,,,,
,,,,,,,
23.1,29.9,20,76,0.25,6.9,3.1,5.4
22.5,28.3,19.4,74,0,7.7,2.4,5.4
21.9,28,18.4,67,0,6.9,3.1,5.4
,,,,,,,
,,,,,,,
,,,,,,,
20.2,28.4,15.7,67,0,6.3,1.9,3.5
21.3,28,16.8,68,0,6.9,0.9,3.5
21.2,28.7,15.9,54,0,6.9,0.7,5.4
,,,,,,,
,,,,,,,
,,,,,,,
22.3,27,18.6,71,0,6.3,3.5,5.4
22.6,27.7,19.5,75,0,6.3,3.5,5.4
22.3,30.3,16,56,0,6,1.3,3.5
,,,,,,,
,,,,,,,
,,,,,,,
20.2,27.2,14.7,66,0,6.9,0.9,3.5
20.4,28.9,14.5,65,0,6.8,1.3,3.5
20.6,28.9,14.9,61,0,6.9,3.1,3.5
,,,,,,,
,,,,,,,
,,,,,,,
20.8,27.3,15.6,70,0,6,3.5,5.4
19.9,27.3,14.9,68,0,6.3,3.3,5.4
20.6,27.4,16,65,0,6.3,3.9,7.6
,,,,,,,
,,,,,,,
,,,,,,,
20.1,27.5,14.9,67,0,6.9,4.3,5.4
20.3,26.4,16,70,0,6.3,3.1,3.5
20.1,26.4,16.6,70,0,5.5,2.8,3.5
21.2,28.4,15,67,0,6.9,2.4,5.4
,,,,,,,
,,,,,,,
,,,,,,,
21.4,30.8,15,53,0,6.9,2.8,3.5
20.7,29.3,15.5,65,0,6.9,5.9,13
21,28,15.8,67,0,6.3,4.3,5.4
,,,,,,,
,,,,,,,
,,,,,,,
22,30.6,15.6,57,0,6.9,5,5.4
22.4,30.5,17,52,0,7.7,3.9,5.4
22.1,29.5,16.3,59,0,6.9,3.3,5.4
,,,,,,,
,,,,,,,
,,,,,,,
21.8,28.5,16.9,68,0,6.9,5,5.4
20.9,28.1,17,66,0,6.9,3.5,5.4
20.4,27.4,15.2,61,0,6.9,3.9,5.4
,,,,,,,
,,,,,,,
,,,,,,,
22,29.5,16.9,58,0,6.9,3.9,5.4
21.4,29.4,15.5,57,0,6.9,3.3,5.4
21,27.7,16.4,61,0,6.9,3.7,7.6
,,,,,,,
,,,,,,,
,,,,,,,
22,29.4,15.4,56,0,6.9,2.8,7.6
22.2,29.8,17,65,0,6.9,4.8,7.6
22.7,29.7,18,59,0,6.9,3.1,5.4
23,31.4,15.7,48,0,6.9,1.9,3.5
,,,,,,,
,,,,,,,
,,,,,,,
23.8,32.6,16.5,29,0,6.9,2.4,5.4
23.6,32.1,15.5,35,0,6.9,2,5.4
23.6,32.7,15.7,39,0,6.9,0,-
,,,,,,,
,,,,,,,
,,,,,,,
24.6,31.8,19,54,0,6.9,2.8,5.4
24.3,31.6,19.2,60,0,6.3,2.4,5.4
24.7,31.6,20.2,63,0,6.3,2.2,5.4
,,,,,,,
,,,,,,,
,,,,,,,
23.4,30.1,19.2,65,0,6.3,4.3,7.6
23,30.1,19.1,65,0,6.3,3.5,3.5
23.9,30.3,19.2,63,0,6.9,2.2,3.5
,,,,,,,
,,,,,,,
,,,,,,,
23.4,30.8,19.7,64,0.25,6.3,4.4,5.4
24.2,32,19.3,49,0,6.9,4.4,5.4
24.5,32,17.6,50,0,6.9,3.1,5.4
,,,,,,,
23.8,31.1,19.9,71,0,6.9,5,7.6
24.9,32,19.3,64,4.06,6.9,3.9,5.4
23.8,32,20.2,67,0,6.9,5.2,7.6
,,,,,,,
,,,,,,,
,,,,,,,
23.9,30.6,19.9,67,0.51,6.9,4.6,5.4
24.6,31.6,18.6,61,0.76,6.9,4.1,7.6
24.2,31.6,18.2,54,0,6.8,5.4,7.6
,,,,,,,
,,,,,,,
,,,,,,,
24.9,31.8,16.6,35,0,6.9,3.5,5.4
25.3,32.8,19,31,0,6.9,4.1,7.6
25.6,33.1,17.1,31,0,6.9,3.1,5.4
,,,,,,,
,,,,,,,
,,,,,,,
27.1,35.4,18.7,31,0,6.9,3.5,5.4
28.2,35.9,20.8,33,0,7.7,0.9,3.5
27.9,35.9,22.4,42,0,6.9,1.1,5.4
,,,,,,,
,,,,,,,
,,,,,,,
27.6,35.3,20.5,37,0,6.9,2.4,5.4
27.3,35.3,20.3,38,0,6.9,2.6,7.6
26.8,34.6,19.4,33,0,6.9,2.2,5.4
,,,,,,,
,,,,,,,
,,,,,,,
28.6,36,23.5,33,0,6.9,1.3,3.5
28.3,35.8,21.9,49,0,6.9,2.8,3.5
29.2,35.8,23.4,43,0,6.9,3.3,7.6
28.9,36,23.3,40,0,6.9,3.3,5.4
,,,,,,,
,,,,,,,
,,,,,,,
28.6,36.2,22.3,38,0,6.9,2.4,5.4
28.5,36.4,22.6,47,0,6.9,4.3,7.6
25.7,36.4,20.4,59,8.89,6.6,3.9,5.4
,,,,,,,
,,,,,,,
,,,,,,,
27.1,34.5,22.3,59,0,6.9,3,3.5
27.7,34.5,23.1,56,5.08,6.9,2.8,7.6
27.6,34,22.7,56,0,6.9,3,5.4
,,,,,,,
,,,,,,,
,,,,,,,
28.6,35.4,22.2,47,0.51,6.9,2.4,5.4
28.7,35.5,23.4,36,0,6.9,1.9,3.5
28.7,35.5,21.5,34,0,7.7,1.5,5.4
,,,,,,,
,,,,,,,
,,,,,,,
29.8,36.5,23.8,53,0,7.7,3.3,5.4
29.6,36.5,24.7,52,0,6.9,1.9,3.5
29.3,36.3,24.8,49,0,6.9,2.8,3.5
,,,,,,,
,,,,,,,
,,,,,,,
28.8,36,24.2,50,0,6.9,3.9,5.4
28.6,35.8,24.6,50,0.51,6.3,3.9,7.6
27.8,35.8,20,56,0,6.9,3.1,7.6
,,,,,,,
,,,,,,,
,,,,,,,
24.5,30.6,21.4,76,2.03,7.7,5.2,7.6
22.8,26.7,21,86,0,6.3,5.2,5.4
24.1,28.3,20.5,78,6.6,6.9,4.6,7.6
,,,,,,,
,,,,,,,
,,,,,,,
27.4,35.6,23.8,60,0.25,6.9,3.9,7.6
28.8,35.6,22.8,47,0,6.9,4.1,7.6
28.6,35.5,22.8,49,0,6.9,3.9,5.4
,,,,,,,
,,,,,,,
,,,,,,,
28.4,35.5,23.6,56,0,7.7,3.7,14.8
25.8,33.9,21.4,71,4.06,6.9,1.5,5.4
26.3,33,21.2,65,0,7.4,4.3,7.6
,,,,,,,
,,,,,,,
,,,,,,,
26.4,35.2,18.9,62,9.4,9.2,4.4,5.4
27.8,34.4,22.2,61,0,7.7,2.4,5.4
25.8,34.5,20.2,70,-,6.9,3.9,5.4
,,,,,,,
,,,,,,,
,,,,,,,
28.1,35,22.3,57,0,7.4,3.3,5.4
27.6,35,20.1,60,13.72,6.9,3.9,5.4
25.9,34.5,20.4,70,0,6.9,4.6,7.6
24.5,29.2,20,75,0,6.9,2.8,3.5
,,,,,,,
,,,,,,,
,,,,,,,
25.9,31.2,22.2,72,0,7.7,6.1,11.1
25.9,31.3,20.9,73,0,6.9,7.4,9.4
24.6,31.3,22.2,74,0,6.9,9.4,22.2
,,,,,,,
,,,,,,,
,,,,,,,
24.1,30.7,21.9,74,-,5.8,8.1,14.8
25.4,30.2,21.4,67,0,9.2,8.9,9.4
25.2,31,21.6,71,0,7.7,9.3,14.8
,,,,,,,
,,,,,,,
,,,,,,,
24.4,29.4,20.8,72,0,6.9,9.8,11.1
24.7,29.2,21.2,71,0,7.4,9.1,11.1
25.3,30.4,21.2,69,0,6.6,8.7,11.1
,,,,,,,
,,,,,,,
,,,,,,,
26,32,21.4,61,0,6.9,5.7,7.6
26.6,33,21.4,60,0,6.9,4.3,5.4
27.4,33.6,22.2,58,0,7.7,2.4,3.5
,,,,,,,
,,,,,,,
,,,,,,,
24.9,31.3,21.1,75,22.61,6.9,5.9,9.4
25.4,30.6,21.8,69,0,6.9,5.2,7.6
25.5,30.8,20.8,64,0,6.9,6.9,14.8
,,,,,,,
,,,,,,,
,,,,,,,
23.1,27.5,20.8,81,1.02,6.9,6.3,11.1
22.6,27.5,20.3,82,0,6.9,5.2,9.4
22.7,28.6,19.9,83,1.02,6.9,5.6,7.6
,,,,,,,
,,,,,,,
,,,,,,,
-,-,-,-,-,-,-,-
23.6,27.1,20.3,76,9.91,6.6,8.7,14.8
23,26.6,21,80,0,5.8,9.6,14.8
24,28.5,20.6,74,-,9.2,7.6,16.5
,,,,,,,
,,,,,,,
,,,,,,,
23.3,28.4,20,77,1.27,6.3,6.7,11.1
23.9,28.9,21,74,0,6.3,11.1,14.8
23.2,28,21.4,81,8.89,6.6,7.4,14.8
,,,,,,,
,,,,,,,
,,,,,,,
24.1,29.4,20.4,78,0,6.9,6.3,7.6
23.4,28.4,21,79,4.06,6.6,5.7,9.4
23.7,27.7,21,75,-,6.9,9.4,13
,,,,,,,
,,,,,,,
,,,,,,,
22.9,28.4,20.5,85,1.78,5.5,7.6,11.1
23.1,27.4,20.4,81,4.57,5.5,7.8,11.1
23.2,28.2,21,81,0,5.5,7.4,14.8
,,,,,,,
,,,,,,,
,,,,,,,
23.6,27.8,20.8,73,0,8.2,7.2,11.1
22.8,28.4,20.7,83,0,6.3,6.9,11.1
23.6,29.2,20.2,79,0,6.9,6.9,9.4
,,,,,,,
,,,,,,,
,,,,,,,
22.8,28,20.4,84,0,6.9,5.2,9.4
23.1,29.3,20,81,0,5.8,5,7.6
24.1,29.5,20,74,7.11,9.2,4.4,5.4
,,,,,,,
,,,,,,,
,,,,,,,
24.1,28.8,20.2,83,11.18,6.9,2.2,7.6
24.7,30.8,20.7,80,6.86,6.9,0.9,3.5
25.4,30.8,20.4,78,32,6.9,0.9,3.5
,,,,,,,
,,,,,,,
,,,,,,,
23.7,29.6,20.5,79,0,6.9,6.7,9.4
23.2,28,20.2,75,1.02,6.9,8,9.4
21.8,28,20.1,85,0.51,5.5,7.2,9.4
,,,,,,,
,,,,,,,
,,,,,,,
22.6,27.4,19.8,79,-,6.9,7.8,9.4
22.7,27.4,20.4,80,1.52,6.9,7.2,9.4
22.5,27.2,20,84,0.25,6.9,5.6,9.4
23.1,26.8,19.7,79,0.51,7.7,6.7,9.4
,,,,,,,
,,,,,,,
,,,,,,,
23.3,28.7,20.3,77,0,6.9,6.3,9.4
23.2,28.9,19.8,71,0,6.3,9.1,11.1
24,29.9,19.1,69,0,6.9,7.8,11.1
,,,,,,,
,,,,,,,
,,,,,,,
24.3,30.3,20.5,67,0,8.5,5.2,7.6
23.4,29.9,20.6,74,-,6.9,5,9.4
23.9,29.4,21,73,-,6.3,7,14.8
,,,,,,,
,,,,,,,
,,,,,,,
23.4,27.8,20.6,79,0,6.9,5.9,9.4
23.7,27.8,20.1,74,1.78,7.4,5.9,7.6
24.2,28.3,20,72,0,6.6,2.8,5.4
,,,,,,,
,,,,,,,
,,,,,,,
23.9,31.1,20.1,78,10.67,6.9,1.3,3.5
24.2,31.1,19.9,81,132.33,6.9,1.9,5.4
24.8,30,20,72,6.1,9.2,3.5,5.4
,,,,,,,
,,,,,,,
,,,,,,,
24.7,29.9,20.7,69,3.81,7.7,2.2,3.5
25.4,30.7,19.8,64,0,6.9,2.2,3.5
25.3,30.7,20.8,76,0,7.4,0.6,3.5
,,,,,,,
,,,,,,,
,,,,,,,
23.6,30.4,19.6,79,31.5,6.9,2.8,5.4
22.6,30.4,19.1,84,51.82,6.9,1.9,3.5
23.6,29.9,19.3,83,62.99,6.8,1.9,3.5
,,,,,,,
,,,,,,,
,,,,,,,
24.4,30,20.8,67,0,9.2,5,9.4
25.4,30.3,21.2,66,0,8.2,2.6,5.4
24,30.3,21.1,75,0,9.2,3.9,7.6
,,,,,,,
,,,,,,,
,,,,,,,
21.6,24.3,19.8,86,3.05,5.5,3.1,3.5
22,25.4,20.2,82,0.51,6.3,3.1,5.4
22.7,26.8,20.4,76,0,9.2,3.3,5.4
,,,,,,,
,,,,,,,
,,,,,,,
22,27.5,20.4,89,0,5.5,3.1,3.5
22.4,27.5,19.8,87,55.37,6.3,3.1,3.5
21.9,27.3,19.8,90,5.84,6.3,3,5.4
,,,,,,,
,,,,,,,
,,,,,,,
22,28.4,17.5,70,0,6.3,1.3,3.5
23.2,28.2,20,72,0,6.9,2.2,3.5
22.8,27.6,19.8,74,-,6.9,2,5.4
21.4,27.6,18.4,71,0,6.3,0.9,3.5
,,,,,,,
,,,,,,,
,,,,,,,
23.2,29.4,17.9,58,0,6.3,2,5.4
23,29.5,18.8,59,0,6.3,0.4,3.5
23.2,29.5,18.8,63,0,6.3,0.9,3.5
,,,,,,,
,,,,,,,
,,,,,,,
20.2,27.4,19.6,94,3.81,4,3.5,3.5
21.4,24.6,20.2,91,0,5.5,3.7,7.6
21.9,27.4,18,80,5.84,6.3,2.8,5.4
,,,,,,,
,,,,,,,
,,,,,,,
22.1,28.1,17.4,71,0,6.6,2.8,3.5
21.8,28,18.3,70,0,9.2,2.8,3.5
22.2,28.8,17.1,68,0,6.3,0.4,3.5
,,,,,,,
,,,,,,,
,,,,,,,
21.2,26.7,18,68,0,6.9,2.4,5.4
21.4,27.4,15.8,64,0,6.3,1.1,5.4
21.7,29.2,16.5,60,0,8.2,1.9,3.5
,,,,,,,
,,,,,,,
,,,,,,,
22.3,28.2,16.6,50,0,6.6,1.9,5.4
21.3,28.2,17,60,0,6.9,0.9,3.5
21.1,29,15.3,55,0,8,0.4,3.5
,,,,,,,
,,,,,,,
,,,,,,,
21.9,28.6,17.6,72,0,6.3,3,9.4
22.8,29.2,18.4,77,0,6.3,1.9,3.5
23.3,29.3,19.8,74,0,5.6,2.8,3.5
,,,,,,,
,,,,,,,
,,,,,,,
21.6,26.6,18.2,76,0,6.3,2.4,5.4
21.6,26.4,19.6,83,0,6.9,1.3,3.5
23.1,28.8,19.1,74,0,6.9,2.8,3.5
,,,,,,,
,,,,,,,
,,,,,,,
21.1,25.2,18.8,78,0,5.5,3.1,3.5
21.4,28,17.6,71,0,6.3,1.9,5.4
21.1,28.3,17.1,74,0,7.7,0.9,3.5
,,,,,,,
,,,,,,,
,,,,,,,
20,28.4,15.8,65,0,6.3,1.9,3.5
20.1,27.3,14.2,56,0,9.2,1.3,3.5
20.8,27.4,13.9,58,0,7.7,2,5.4
,,,,,,,
,,,,,,,
,,,,,,,
-,-,-,-,-,-,-,-
22.3,29.5,19.2,77,7.62,6.3,0.9,3.5
22.2,29.2,17.6,71,1.52,5.5,1.9,7.6
22.1,29.2,18.7,76,0,6,1.3,3.5
,,,,,,,
,,,,,,,
,,,,,,,
21.9,28.6,17.4,60,0,6.9,0.4,3.5
22.1,28.6,17.6,71,0,6.3,0.6,3.5
21.6,27.6,18.5,72,0,6.3,1.9,3.5
,,,,,,,
,,,,,,,
,,,,,,,
19.4,27.1,13.7,60,0,8.5,0.9,3.5
19.4,27.1,13.7,67,0,6,0.2,1.9
20.1,27.1,14.7,63,0,6.3,2.8,7.6
,,,,,,,
,,,,,,,
,,,,,,,
21.3,28.2,15.4,61,0,8.5,3.3,5.4
20.9,28.2,15.6,63,0,6.3,3,5.4
21,27.4,15.5,61,0,6.3,4.8,7.6
,,,,,,,
,,,,,,,
,,,,,,,
22.1,29.4,17,59,0,7.7,3.3,5.4
21.3,28.4,15.6,57,0,7.7,4.6,7.6
21.4,27.9,16,60,0,6.3,4.1,9.4
,,,,,,,
,,,,,,,
,,,,,,,
22.8,30.2,16.6,51,0,6.3,3.9,9.4
21.9,30.2,16.2,53,0,6.3,3.7,7.6
21.2,29.3,16.4,63,0,6.3,5.2,9.4
21.4,28.6,15,58,0,6.3,3.9,9.4
,,,,,,,
,,,,,,,
,,,,,,,
22.3,30.2,16.3,48,0,6.3,4.1,5.4
22.7,30.6,15.7,50,0,6.3,3.7,9.4
22.2,30.6,15.5,54,0,6.3,3.3,5.4
,,,,,,,
,,,,,,,
,,,,,,,
24,32,17.7,50,0,6.9,1.3,3.5
24.7,32.7,17.9,43,0,6.3,0.9,3.5
24.9,33,16.5,32,0,6.3,0.9,3.5
,,,,,,,
,,,,,,,
,,,,,,,
24.5,33.1,18.6,39,0,6.3,1.9,3.5
24.2,32.1,16.9,37,0,6.9,3.3,11.1
23.7,31.7,17.3,41,0,6.9,3.1,5.4
,,,,,,,
,,,,,,,
,,,,,,,
24.6,32.4,17,27,0,6.9,0.9,3.5
25.6,33.5,17.2,42,0,6.9,2.2,5.4
26.1,33.6,20.1,46,0,6.9,3.5,5.4
,,,,,,,
25.2,32.6,20.8,62,0,6.9,3.7,7.6
25.8,32.6,21.4,62,0,6.9,2.2,3.5
23.4,32.4,19.9,77,22.1,6.3,1.9,3.5
,,,,,,,
,,,,,,,
,,,,,,,
25.8,31.4,21.3,63,0,6.6,2.6,5.4
25.3,31.5,20.1,59,0,6.9,3.3,5.4
24.5,31.5,19.6,65,0,6.9,2.2,3.5
,,,,,,,
,,,,,,,
,,,,,,,
24.5,31.2,18.6,54,0,6.9,3.9,5.4
25.1,32.7,18.4,48,0,6.9,1.9,3.5
25.8,32.7,20.4,55,0,6.9,3,5.4
,,,,,,,
,,,,,,,
,,,,,,,
26.5,35.1,19.6,44,0,6.9,2.2,5.4
26.9,34.7,19.5,25,0,6.9,2,5.4
27.1,34.7,19.6,26,0,6.9,0,-
,,,,,,,
,,,,,,,
,,,,,,,
27.9,35.8,22.3,43,0,6.3,3,5.4
27,34.5,21,47,0,6.3,2.8,3.5
26.3,34.5,19.9,46,0,6.3,2.2,3.5
,,,,,,,
,,,,,,,
,,,,,,,
26.5,33.8,22.3,58,0,6.9,1.9,3.5
26.9,33.4,21.6,56,1.27,6.9,2.2,3.5
27.9,35.1,22.4,53,0,6.9,2.4,5.4
28,35.1,22.8,54,0,6.9,2.8,3.5
,,,,,,,
,,,,,,,
,,,,,,,
28.9,35.5,22.7,52,0,6.9,1.5,7.6
28.2,35.5,24.1,55,0,6.9,3.1,3.5
28.1,35,23,54,0,6.9,4.1,9.4
,,,,,,,
,,,,,,,
,,,,,,,
21.3,29,18.8,77,11.94,6.3,1.3,3.5
23.2,30.5,18.1,71,8.89,6.9,0.7,5.4
23.2,30.5,19.8,80,0,6.3,1.5,7.6
,,,,,,,
,,,,,,,
,,,,,,,
26.8,32.3,21.4,54,0,7.7,0,-
26.6,32.3,21.9,62,0,6.9,1.3,3.5
26.8,32.3,21.7,63,0,6.9,0.4,3.5
,,,,,,,
,,,,,,,
,,,,,,,
23.9,33.4,19.8,70,35.56,6.6,4.3,22.2
23.7,31.3,19.2,70,35.81,6.3,0.4,3.5
25.5,31.1,20.8,68,5.08,6.9,1.3,3.5
,,,,,,,
,,,,,,,
,,,,,,,
26.8,33.8,20.1,61,9.65,6.9,1.9,3.5
24.5,33.8,20.4,73,0,6.9,2.2,7.6
25.7,33.3,20,65,12.19,6.9,1.9,7.6
,,,,,,,
,,,,,,,
,,,,,,,
26.6,30.8,22.2,68,0,6.9,1.3,3.5
27.7,33.4,22.2,61,0,6.9,2,5.4
25.9,33.4,23.3,62,0,6,3.1,7.6
,,,,,,,
,,,,,,,
,,,,,,,
24.2,32,21.9,71,2.54,6.9,0.2,1.9
24.9,29.6,21.6,71,0.25,6.9,1.9,3.5
24.9,31.2,22.2,77,0,6.3,3.1,7.6
,,,,,,,
,,,,,,,
,,,,,,,
24.8,32,20.2,78,0,6.3,4.6,11.1
26.3,33,19.1,76,39.12,6.9,5.2,7.6
26.6,33,22.5,75,0,6.9,7.6,18.3
,,,,,,,
,,,,,,,
,,,,,,,
27.3,33.3,22.3,63,0,6.3,5.6,9.4
27.1,33,22.3,66,0,6.3,5.2,9.4
25.2,32.2,19.2,72,0,6.9,6.5,9.4
,,,,,,,
,,,,,,,
,,,,,,,
24.2,32.2,19.9,81,0,6.6,5.4,9.4
24.3,31,19.9,77,0,6.6,3.7,7.6
24.5,31,20.7,78,0,6.9,4.8,7.6
24.6,30.5,21.2,81,0.25,6.9,2.4,5.4
,,,,,,,
,,,,,,,
,,,,,,,
26.2,32,21.6,65,0,6.9,7.4,14.8
25.4,31.2,21.3,72,0.51,6.9,7.8,14.8
24.7,31.2,21.2,76,3.05,6.9,6.3,9.4
,,,,,,,
,,,,,,,
,,,,,,,
23.7,29.7,20.5,80,0.51,6.9,5,7.6
22.6,29.7,20.1,84,18.54,6.9,5.7,11.1
24.1,29,19.8,72,0,5.8,5.4,11.1
,,,,,,,
,,,,,,,
,,,,,,,
23.1,27.4,21.2,83,0,5.5,8.1,14.8
23.2,28.3,20.8,80,1.78,6.3,12,16.5
22.7,28.3,20.6,85,0.51,5.5,6.9,11.1
,,,,,,,
,,,,,,,
,,,,,,,
24.5,30.6,21.1,78,0.51,6.9,8.3,11.1
23.7,30.6,21.4,81,0,6.9,8.9,11.1
24.1,29,20.4,76,0,6.9,12.2,18.3
,,,,,,,
,,,,,,,
,,,,,,,
24.6,30.7,20.6,71,0,6.9,5.2,7.6
24.2,30.3,20.4,75,0,6.3,8.1,14.8
24.6,30.2,20.4,76,0,6.3,5.7,7.6
,,,,,,,
,,,,,,,
,,,,,,,
23.7,30.7,19.3,74,3.05,6.9,6.9,11.1
23.8,30.6,20.2,76,0,6.9,6.7,14.8
24,29.2,20.8,78,7.11,6.3,6.9,11.1
,,,,,,,
,,,,,,,
,,,,,,,
25.4,31.6,20.8,71,0,6.9,6.5,11.1
25.2,31.6,21.4,73,0,6.9,6.5,11.1
23.9,30,21.2,77,0,6.9,7.8,11.1
,,,,,,,
,,,,,,,
,,,,,,,
21.8,29.8,20,86,12.19,4.8,8.1,14.8
22.6,29,18.8,84,2.03,5.3,6.1,9.4
22.4,29,20.1,88,26.16,5.5,4.3,9.4
,,,,,,,
,,,,,,,
,,,,,,,
23.2,28.1,20.1,83,1.02,6.9,6.1,11.1
23.3,27.8,20.4,79,0,6.9,6.3,9.4
23.4,28,20.8,79,0,5.5,8.3,11.1
,,,,,,,
,,,,,,,
,,,,,,,
23.9,29.9,20,76,0,6.9,5,7.6
23.7,30.3,20.6,76,0.25,6.9,5.2,7.6
24,30.3,20.6,75,3.05,6.9,6.5,9.4
23.6,28.8,21,77,0,6.3,5.9,11.1
,,,,,,,
,,,,,,,
,,,,,,,
22.6,29.3,20.3,83,0.25,5.5,5.7,9.4
23.6,28.5,20.4,79,0,6.3,6.1,7.6
23.3,28.5,20.6,80,2.03,6.9,3.7,7.6
,,,,,,,
,,,,,,,
,,,,,,,
23.4,27.6,20,83,0,6.9,5.6,9.4
24.6,29.4,20.7,77,0,6.3,4.8,9.4
25.2,31.1,20.5,72,0,6.9,5.2,9.4
,,,,,,,
,,,,,,,
,,,,,,,
25.6,31.2,22.3,79,0.76,6.9,3.3,5.4
25.3,31.6,22.4,74,0,6.3,3.9,9.4
23.4,31.6,21,80,0.76,6.9,3.3,11.1
,,,,,,,
,,,,,,,
,,,,,,,
24.4,29.6,19.7,67,0,6.9,3.1,7.6
23.8,30.1,19.6,71,0,6.3,3.9,7.6
22.5,30.1,20.3,86,1.78,6.3,4.6,7.6
,,,,,,,
,,,,,,,
,,,,,,,
25.1,29.7,20.8,69,-,6.9,4.3,5.4
25.5,31,21.1,66,0.51,7.7,3.1,5.4
25.4,31,21.6,67,0,6.9,2.8,5.4
25.7,31.7,22,70,-,6.6,2,3.5
,,,,,,,
,,,,,,,
,,,,,,,
22.4,30.8,20,87,37.08,6,3,5.4
23,28.5,19.8,82,36.58,6.9,5.9,7.6
22.9,27.6,20.5,82,0,6.9,5.6,9.4
,,,,,,,
,,,,,,,
,,,,,,,
23.7,29.7,19.3,75,5.08,7.7,5.6,9.4
23.5,29.7,19.4,76,0,6.3,7.8,11.1
23.1,28,19.3,75,0,6.3,9.4,18.3
,,,,,,,
,,,,,,,
,,,,,,,
24.2,29.4,20.2,76,0,6.3,3.7,11.1
22.9,29.4,20.4,83,0,5.5,6.3,11.1
23.6,29.4,19.2,77,7.11,6.9,2.8,7.6
,,,,,,,
,,,,,,,
,,,,,,,
24.3,33.2,18.7,76,18.8,6.9,1.3,3.5
23.2,30.3,20,82,9.14,6.9,2.2,5.4
23.8,31.6,20.2,78,0.51,6,2.4,5.4
,,,,,,,
,,,,,,,
,,,,,,,
24.5,30,21,77,0.51,6.9,2,5.4
24.6,30,21.7,78,2.54,6.3,3.5,5.4
24.7,29.8,21.3,77,0.25,6.9,3.9,9.4
,,,,,,,
,,,,,,,
,,,,,,,
24.2,30.2,20.3,79,6.6,6.9,3.9,9.4
24,30.2,20.9,77,4.32,6.9,3.5,5.4
24.3,29.4,20.6,75,0,6.9,7.2,11.1
,,,,,,,
,,,,,,,
,,,,,,,
25.1,31,21.2,62,0,6.9,1.9,3.5
25.1,32.1,19.6,52,0,6.9,2.2,3.5
25.2,32.1,19.7,59,0,6.9,0.7,3.5
,,,,,,,
,,,,,,,
,,,,,,,
25.6,31.8,20.6,62,0,6.9,3.5,5.4
25.5,31.4,21.5,63,0,5.5,2,5.4
24.9,30.6,21.4,61,0,6.3,2,5.4
,,,,,,,
,,,,,,,
,,,,,,,
24.2,31.8,17.8,60,0,6.3,3.5,5.4
24.4,29.8,20,62,0,6.9,3,5.4
24.4,29.6,20.6,67,-,6.9,0.9,3.5
,,,,,,,
,,,,,,,
,,,,,,,
24.7,30.8,20.6,72,0,7.7,1.3,3.5
23.4,29.5,21.7,83,1.02,6.3,0,-
23.1,30.9,20,83,51.05,5.5,1.1,5.4
21.8,30.9,19.5,87,7.11,6.3,1.5,5.4
,,,,,,,
,,,,,,,
,,,,,,,
23.7,28.5,20.8,69,0,6.6,1.5,3.5
23,28.5,19.3,76,0,6.3,0.9,3.5
20.2,27.3,18.4,92,0,4,3.5,5.4
,,,,,,,
,,,,,,,
,,,,,,,
19.3,24.6,17,88,14.22,6.3,0.7,3.5
20.2,24.8,16.1,75,0,5.5,0.9,3.5
19.1,24.8,17.7,89,0,4,2,5.4
,,,,,,,
,,,,,,,
,,,,,,,
21.7,24.6,19.5,90,14.48,4,1.9,3.5
22,26.4,19.8,87,0.51,5.8,2.2,5.4
21.9,26.4,19.6,85,14.22,6.9,2,5.4
,,,,,,,
,,,,,,,
,,,,,,,
21.4,27.5,17.5,66,0,6.9,0.2,1.9
22.6,28,17.7,74,0,6.3,0,-
22.7,28.9,18.6,64,0,6.9,1.3,3.5
,,,,,,,
,,,,,,,
,,,,,,,
21.1,23.8,19.8,91,0,6.3,0.7,5.4
21,23.9,19.6,93,1.02,6.3,0.9,3.5
21.5,24.9,18.9,87,2.79,6.9,0.9,3.5
,,,,,,,
,,,,,,,
,,,,,,,
22.3,28.7,17.5,70,0,6.3,1.3,5.4
21.5,28.7,17,68,0,6.3,2.2,5.4
21.4,28.2,18.4,83,0.51,5.8,1.1,3.5
,,,,,,,
,,,,,,,
,,,,,,,
24.1,30.9,20.4,70,0,6.9,2,5.4
23.6,30.9,19.6,79,0,6.3,2.8,5.4
23.3,29.9,20,71,0,6.3,1.9,3.5
,,,,,,,
,,,,,,,
,,,,,,,
22.4,28.3,18.9,71,0,6.3,2.2,5.4
22.2,28.4,18.8,73,0,6.9,1.9,5.4
22.2,28.8,18.3,65,0,6.9,2.4,5.4
,,,,,,,
,,,,,,,
,,,,,,,
21.8,29.3,16.3,65,0,6.3,1.5,3.5
21.8,28.2,18.2,67,0,6,2.4,5.4
21.8,27.7,17.9,72,0,5.3,2.8,5.4
,,,,,,,
,,,,,,,
,,,,,,,
-,-,-,-,-,-,-,-
20.1,28.4,15.7,54,0,6,3,5.4
20.8,28.3,12.9,45,0,6.3,1.1,5.4
21.4,29,13.7,45,0,6.3,0.4,3.5
,,,,,,,
,,,,,,,
,,,,,,,
21,28.7,17,65,0,6.3,3.1,5.4
20.4,27.6,16.2,61,0,5.5,1.3,5.4
20.7,28.4,15.1,47,0,6.3,0.9,3.5
,,,,,,,
,,,,,,,
,,,,,,,
20.3,28.5,15.7,51,0,6.3,0.7,3.5
21.1,27.2,15,51,0,6.3,3.5,5.4
20.6,28.2,15.2,58,0,6.3,3.1,5.4
,,,,,,,
,,,,,,,
,,,,,,,
21.4,28.4,17.8,73,0.51,4.8,3,5.4
21.2,25.9,19.4,88,0.51,4,1.3,3.5
22.6,27.4,19,78,4.32,5.3,2.8,7.6
,,,,,,,
,,,,,,,
,,,,,,,
22.9,29.2,18.5,70,0,5.5,2.6,7.6
23.1,28.9,18.9,68,0,6.3,0.9,3.5
23.4,29.3,19,66,0,4.8,1.1,3.5
,,,,,,,
,,,,,,,
,,,,,,,
23.1,30.7,16.4,43,0,6.3,1.5,5.4
23.3,31.4,16.4,36,0,6.9,0.9,3.5
23.7,31.9,16.3,35,0,6.9,0.9,3.5
23.6,32.2,16.2,44,0,6.3,1.5,5.4
,,,,,,,
,,,,,,,
,,,,,,,
23.2,31.2,17.3,61,0,5.6,1.1,3.5
25.2,30.5,19.2,50,0,6.9,1.5,37
24.3,31.7,18.6,50,0,6.3,0.4,3.5
,,,,,,,
,,,,,,,
,,,,,,,
24.8,31.9,19.5,49,0,5.5,2.4,3.5
24,32.1,19,48,0,6.3,2.2,5.4
23.1,31.2,17.3,54,0,6.6,2.8,5.4
,,,,,,,
,,,,,,,
,,,,,,,
24.8,29.9,18,44,0,6.9,1.3,3.5
26.2,32.5,19.6,50,0,6.9,1.9,3.5
26.9,33.2,20.2,50,0,7.4,0.6,3.5
,,,,,,,
,,,,,,,
,,,,,,,
26.4,33.4,22.3,59,0,5.5,3,5.4
24.9,33.5,20.5,58,0,6.3,2.4,5.4
24.9,31.3,18.7,51,0,6.9,2.4,5.4
,,,,,,,
,,,,,,,
24.6,30.7,18.9,55,0,6.9,2.8,5.4
24.6,31.5,19.7,52,0,6.9,2.8,5.4
25.3,31.7,19.6,49,0,6.3,3.1,5.4
,,,,,,,
,,,,,,,
,,,,,,,
25.4,33.4,18.7,46,0,6.9,1.9,3.5
25.7,33.2,18.8,43,0,6.3,1.5,5.4
26.7,34.3,19.5,44,0,6.9,0.6,3.5
,,,,,,,
,,,,,,,
,,,,,,,
27.8,35.4,22.7,57,0,6.3,2.4,5.4
28.3,34.3,24.4,58,0,5.5,3.9,7.6
26.2,34.4,22.4,66,0,6.3,2.2,3.5
,,,,,,,
,,,,,,,
,,,,,,,
29,35.2,23.3,46,0,7.4,3.1,3.5
28.8,35.4,23.5,41,0,6.9,0.4,3.5
29.2,36,24.7,45,0,6.9,1.1,3.5
,,,,,,,
,,,,,,,
,,,,,,,
27.8,35.8,22.8,40,0,6.9,3,5.4
27.7,35,21.2,33,0,6.9,1.3,3.5
27.8,35.1,20.7,33,0,6.9,2.8,5.4
,,,,,,,
,,,,,,,
,,,,,,,
28,35,23,44,0,6.9,1.3,3.5
28.3,34.8,23.2,43,0,7.7,0.4,3.5
28.4,35.3,23.5,46,0,6.9,1.1,3.5
28.6,35.5,23.8,46,0,6.9,2.2,5.4
,,,,,,,
,,,,,,,
,,,,,,,
29,35.4,24.3,53,0,7.4,1.9,5.4
28.7,36.3,23.1,60,-,6.9,1.3,3.5
28.6,35.3,24.5,55,0,6.9,2.8,3.5
,,,,,,,
,,,,,,,
,,,,,,,
30.4,37.2,25.1,50,0,6.9,2.8,7.6
31.2,37,25.4,45,0,6.9,2.2,7.6
30.7,37.4,25.8,49,0,7.7,3,5.4
,,,,,,,
,,,,,,,
,,,,,,,
29.8,36.6,24.6,51,0,6.9,2.4,5.4
30.4,36.8,24.8,49,0,6.9,2.8,5.4
30.3,37,24.3,46,0,6.9,3.1,7.6
,,,,,,,
,,,,,,,
,,,,,,,
27.5,39.2,23.2,64,-,6.9,1.1,5.4
29,37.1,22.8,48,0,7.7,1.5,5.4
29.6,35.5,23.4,39,0,6.9,2.2,7.6
,,,,,,,
,,,,,,,
,,,,,,,
30.5,36.6,24.4,41,0,6.9,1.3,3.5
29.3,37.3,24.7,51,0,6.9,3,5.4
29.8,36.6,24.5,47,0,7.7,2.2,3.5
,,,,,,,
,,,,,,,
,,,,,,,
27.2,34.6,21,62,46.48,6.3,0.7,5.4
25.6,33.7,21.4,72,0,6.3,3.1,9.4
27.4,34,21,58,4.83,6.9,0.4,3.5
,,,,,,,
,,,,,,,
,,,,,,,
28.3,34.6,22.3,57,1.78,6.9,0.2,1.9
28.9,34.6,23.5,58,0,6.9,0.9,3.5
28.8,35.1,24.6,51,0,6.9,0,-
,,,,,,,
,,,,,,,
,,,,,,,
24.6,28.9,20,78,30.23,6.9,3.9,5.4
25.3,30,19.6,78,34.29,6.9,5.6,9.4
26.1,32.2,20.9,70,0,6.6,5,7.6
,,,,,,,
,,,,,,,
,,,,,,,
27.6,34,22.8,63,0,6.9,4.8,7.6
27.9,33.2,22.2,63,0,6.9,3.7,7.6
26.5,33.8,23.2,70,-,6.9,3,7.6
,,,,,,,
,,,,,,,
,,,,,,,
25.3,31.2,22.2,76,0,6.9,3.9,7.6
25.4,31.5,21.5,75,-,6.9,5,7.6
24.4,33.3,21,82,20.32,6.9,3.9,5.4
25.5,30.2,21,78,0,6.9,3.9,7.6
,,,,,,,
,,,,,,,
,,,,,,,
25.7,31.4,21.6,79,47.75,6.9,3.5,5.4
24.5,30.9,22,81,0,6.3,5.2,7.6
24.6,30.4,21.4,77,5.08,7.7,5.2,7.6
,,,,,,,
,,,,,,,
,,,,,,,
22.5,29.6,20.6,86,1.02,6.9,5.6,7.6
23.6,27.7,20.1,75,15.75,6.9,5.6,11.1
23.7,29.2,20.7,74,1.02,6.9,4.6,11.1
,,,,,,,
,,,,,,,
,,,,,,,
23.7,28.2,20.8,78,1.27,6.9,4.1,7.6
23.3,29.9,20,82,1.27,6.3,5,7.6
22.7,28.5,20.4,82,3.3,6.9,4.6,7.6
,,,,,,,
,,,,,,,
,,,,,,,
21.2,27.5,19.3,85,8.89,6.3,5.9,7.6
23.3,26.5,19.7,78,0,6.9,5.6,7.6
22.5,28.2,20.8,84,-,6.9,5.7,7.6
,,,,,,,
,,,,,,,
,,,,,,,
23.2,27.6,20.2,80,0,6.3,8.3,11.1
23.8,28.2,19.9,76,0.76,6.9,8.1,11.1
23.6,28.8,20.2,78,0,6.3,9.1,11.1
,,,,,,,
,,,,,,,
,,,,,,,
23.6,26.7,20.3,78,7.11,6.3,8.7,11.1
22.7,27.4,20.6,85,0,5.5,8.1,11.1
22.1,26.4,20.1,83,-,5.5,9.1,14.8
,,,,,,,
,,,,,,,
,,,,,,,
23.8,28.1,20.1,71,0,7.4,10.9,18.3
25,29.5,19.7,70,0,6.9,6.1,11.1
24.8,30.7,21.5,73,-,6.9,4.8,7.6
,,,,,,,
,,,,,,,
,,,,,,,
22.9,28.3,20,77,0,6.3,4.1,7.6
22.6,28.4,20.1,81,3.3,6.3,5,7.6
21.9,27.7,19.6,82,23.11,7.7,5.7,11.1
,,,,,,,
,,,,,,,
,,,,,,,
23.9,29,20.4,81,0,6.9,4.6,9.4
23.3,30.3,20.1,84,32.51,6.3,3.1,5.4
24.1,29.1,20.7,82,24.89,6.3,3.3,7.6
,,,,,,,
,,,,,,,
,,,,,,,
22.4,26,19.4,82,10.41,6.9,6.1,7.6
22.2,27,19.8,78,0,6.3,7.4,11.1
22.9,27.2,19.3,71,0,8.5,8.3,11.1
22.1,27.6,19.1,76,-,6.9,9.8,14.8
,,,,,,,
,,,,,,,
,,,,,,,
23.3,28.3,20,75,-,6.9,7,9.4
23.5,28.2,20,76,-,6.9,8,11.1
23.8,27.8,20.5,73,0,7.7,6.7,11.1
,,,,,,,
,,,,,,,
,,,,,,,
24,29,20.6,77,-,6.3,5.9,11.1
22.9,28.2,20,77,-,6.9,4.1,5.4
23.5,28.8,19.5,74,4.32,7.7,5.9,9.4
,,,,,,,
,,,,,,,
,,,,,,,
23.9,29,20.3,71,0.25,6.9,6.7,9.4
24.4,30.2,20.4,71,0,6.9,5,9.4
24.3,30.1,20.4,74,1.78,6.9,4.1,5.4
,,,,,,,
,,,,,,,
,,,,,,,
23.1,29.3,21,77,15.24,6.3,4.1,7.6
23.8,28.2,19.9,76,-,5.5,6.9,11.1
23.3,28.7,21.2,79,0.25,6.9,5,7.6
,,,,,,,
,,,,,,,
,,,,,,,
22.4,27.2,20.4,87,0.25,5.5,5.4,7.6
23.2,26.6,20,82,2.79,7.4,5,7.6
22.6,26.7,20.6,82,0,6.3,5.2,7.6
23.7,27.2,20.4,75,0,6.9,6.1,11.1
,,,,,,,
,,,,,,,
,,,,,,,
23.1,27.2,18.8,69,0.51,7.7,4.3,5.4
23.9,28.6,19.3,67,0,6.9,5,7.6
24.3,29.4,20.4,69,-,6.3,4.1,7.6
,,,,,,,
,,,,,,,
,,,,,,,
23.6,26.5,20.5,75,0,6.3,5.2,7.6
23.8,27.8,20.4,76,-,6.9,4.6,5.4
22.9,28.6,20.5,79,0.51,6.3,5.6,9.4
,,,,,,,
,,,,,,,
,,,,,,,
24.4,29,19.8,68,0,6.9,6.3,11.1
23.2,30.6,19.7,71,0,6.9,6.7,9.4
22.7,27.4,20.2,76,0.25,6.9,7.4,11.1
,,,,,,,
,,,,,,,
,,,,,,,
22.6,25.8,19.8,79,0.25,5.5,5,9.4
24.1,28,20.5,76,0,6.9,5,7.6
24.3,28.6,20.9,75,0,7.4,6.9,11.1
,,,,,,,
,,,,,,,
,,,,,,,
23.2,29.7,19.6,72,0,6.3,4.6,7.6
23.6,29.5,18.8,68,0,6.3,3.7,7.6
25.3,30.7,20.3,64,0,5.5,3.5,5.4
,,,,,,,
,,,,,,,
,,,,,,,
24.6,31.6,19.7,60,0,6.3,3,5.4
24.6,30.6,19.8,65,0,6.3,5.2,7.6
23.9,31.3,19.6,70,-,6.3,5,5.4
,,,,,,,
,,,,,,,
,,,,,,,
23.6,29.3,20.1,72,2.54,5.3,1.5,3.5
24.8,29,21,59,0,6.9,1.3,3.5
23.9,30.6,19.4,54,0,6.9,1.9,3.5
,,,,,,,
,,,,,,,
,,,,,,,
25,31.2,18.7,48,0,6.9,0.9,3.5
24.6,31.1,19.1,50,0,6.9,1.5,3.5
24.9,31.2,19.1,50,0,6.3,2.8,3.5
,,,,,,,
,,,,,,,
,,,,,,,
24.8,31.3,19.8,49,0,6.3,0.9,3.5
24.2,31,18.4,52,0,6.9,0.7,5.4
25.2,30.8,19.4,45,0,7.4,1.1,3.5
,,,,,,,
,,,,,,,
,,,,,,,
24.5,30.7,20.1,68,-,6.3,4.1,5.4
23.7,30.6,20.8,72,-,5.5,2.2,7.6
24.1,29.1,20.1,66,1.52,6.3,2.2,3.5
25.2,30,20.9,61,0,6.9,2.6,7.6
,,,,,,,
,,,,,,,
,,,,,,,
24,31.5,18.7,49,0,6.9,2.2,3.5
23.4,30.6,18.8,48,0,6.9,3,7.6
22.5,30.3,17.7,49,0,6.9,2.8,7.6
,,,,,,,
-,-,-,-,-,-,-,-
,,,,,,,
,,,,,,,
24.1,30.9,20.4,68,0,5.5,4.3,5.4
24.6,30.1,20.3,61,0,6.9,2.6,7.6
24.3,30.4,19.6,65,0,6.9,3.7,7.6
,,,,,,,
,,,,,,,
,,,,,,,
23.3,29.7,18.4,57,0,6.9,3.1,5.4
22.9,30.5,18.1,47,0,6.9,3.5,5.4
22.9,31,16.6,40,0,7.7,2.8,3.5
,,,,,,,
,,,,,,,
,,,,,,,
23.4,31.5,15.9,33,0,7.4,2.2,5.4
22.6,31.5,15,39,0,6.9,0.9,3.5
23,32.5,14.2,39,0,6.3,1.3,3.5
,,,,,,,
,,,,,,,
21.6,30,17.6,58,-,6.9,3,3.5
21,26.9,18,86,5.08,5.5,2,5.4
21.1,26.9,18.9,88,4.32,6.3,4.1,5.4
,,,,,,,
,,,,,,,
,,,,,,,
22.1,28,15,59,0,6.3,2.4,5.4
22.8,29,18.4,61,0,6.6,1.9,5.4
22.6,29.5,16.2,42,0,6.9,1.9,3.5
,,,,,,,
,,,,,,,
,,,,,,,
18.9,25,17.7,97,60.71,4,4.3,5.4
20.3,22,18.6,90,4.32,4,3.9,5.4
21.8,26.5,17.9,70,0,6.3,3.7,7.6
,,,,,,,
,,,,,,,
,,,,,,,
22,28.9,16.7,57,0,6.3,2.8,5.4
21.8,29.4,15.6,67,0,6.9,3.5,5.4
22.6,29,17.7,63,0,5.8,1.3,3.5
,,,,,,,
,,,,,,,
,,,,,,,
20.6,30.5,14.7,62,0,6,2.2,3.5
21.8,29,14.8,46,0,5.8,1.5,3.5
21.5,30.4,14.9,42,0,6,3,5.4
,,,,,,,
,,,,,,,
,,,,,,,
-,-,-,-,-,-,-,-
21,27.6,14.6,61,0,6,2.2,3.5
21.6,27.7,17,59,0,6.8,2,3.5
22.3,29,16.1,48,0,6.9,2.8,3.5
,,,,,,,
,,,,,,,
,,,,,,,
20.9,29,16,66,0,5.5,2.2,3.5
20.9,27.8,16,62,0,6.3,3,5.4
21,28.5,15,58,0,6.8,3,5.4
,,,,,,,
,,,,,,,
,,,,,,,
21.2,28,16.9,66,0,5.5,2.2,3.5
20.7,28.3,17.2,61,0,6.3,2.2,3.5
20.7,27.2,15.5,61,0,6.3,3.3,5.4
,,,,,,,
,,,,,,,
,,,,,,,
20.4,28.2,15.8,64,0,6.3,2.8,7.6
21.7,27.6,15.3,64,0,6.3,3.5,5.4
21.7,28.9,18.5,68,0,6.3,5.2,11.1
,,,,,,,
,,,,,,,
,,,,,,,
22.6,30.3,16.7,52,0,6.3,3.1,5.4
21.9,29.2,18.3,75,-,4,3.7,7.6
22.1,26,19.7,79,0.25,6.3,3.5,5.4
,,,,,,,
,,,,,,,
,,,,,,,
23.9,31.7,18.2,54,0,6.9,2.8,7.6
23.1,32,16,46,0,6.9,3.3,3.5
23.5,31.5,16.4,40,0,7.7,3.1,3.5
22.7,31.7,16.7,50,0,6.9,3.1,5.4
,,,,,,,
,,,,,,,
,,,,,,,
23.9,30.9,16.1,36,0,6.9,3.1,5.4
23.8,32.2,16.6,37,0,6.3,3,7.6
23.4,32,15.8,35,0,6.9,3.1,5.4
,,,,,,,
,,,,,,,
,,,,,,,
22.1,29.6,15.8,54,0,6.9,4.3,5.4
22.6,28.8,17.4,61,0,6.3,3.5,5.4
23.1,29,17.3,45,0,6.9,3.9,5.4
,,,,,,,
,,,,,,,
,,,,,,,
23.7,31.2,16.8,42,0,6.9,1.5,5.4
24.6,31.8,17.7,38,0,6.3,1.9,3.5
25.9,33.4,19.3,41,0,6.3,2.4,5.4
,,,,,,,
,,,,,,,
,,,,,,,
26.7,35.5,19,31,0,5.5,1.9,3.5
25.8,34.9,20,41,0,6.9,3.3,5.4
24.3,33.3,19.1,36,0,6.9,4.3,9.4
,,,,,,,
24.2,32.5,16.9,29,0,6.9,3.3,7.6
24.4,32,15.7,33,0,6.9,3.9,5.4
25.8,32,18.2,43,0,6.9,3,5.4
,,,,,,,
,,,,,,,
,,,,,,,
26.2,33.1,21.5,60,-,6.9,3,5.4
25.6,33.8,21.1,62,36.83,6.9,0.4,3.5
26.7,32.5,21.2,54,0,6.9,2.8,5.4
,,,,,,,
,,,,,,,
,,,,,,,
26.6,34.3,22.2,57,-,6.9,3.3,3.5
25.2,34,22,67,2.54,6.9,3.1,5.4
25.3,30.4,20.8,57,0,6.9,3.9,7.6
,,,,,,,
,,,,,,,
,,,,,,,
28,35,22.4,45,0,6.9,3.1,5.4
28,36,23.2,48,0,6.9,3,5.4
27.4,34.8,22.4,49,0,6.9,2.4,3.5
,,,,,,,
,,,,,,,
,,,,,,,
28.1,35.6,20.6,25,0,6.9,1.9,3.5
28.6,37.2,21.6,28,0,6.9,2.8,5.4
28.3,36.1,21.2,28,0,6.9,2.4,5.4
,,,,,,,
,,,,,,,
,,,,,,,
29.2,35.4,22.1,30,0,6.9,2.8,5.4
28.6,35.8,22.5,34,0,6.9,2.8,5.4
28.9,36.3,21.9,40,0,6.9,3.1,3.5
29.4,35.6,23.5,39,0,6.9,3.9,5.4
,,,,,,,
,,,,,,,
,,,,,,,
28.6,35.5,22.5,49,0.51,6.9,3,5.4
30.1,36,24.5,39,0,6.9,3.5,5.4
29.4,36.5,24.4,43,0,8.5,3.5,3.5
,,,,,,,
,,,,,,,
,,,,,,,
29.3,37,24,31,0,6.9,1.9,3.5
28.8,36.5,23.2,36,0,6.9,4.1,7.6
29,35.6,22.6,38,0,6.9,3.9,5.4
,,,,,,,
,,,,,,,
,,,,,,,
28.9,35.6,23.5,53,0,6.9,4.1,5.4
26.6,35.7,23,65,0,6.9,4.3,7.6
26.9,35.2,21.7,60,1.02,6.3,4.4,5.4
,,,,,,,
,,,,,,,
,,,,,,,
27.5,37,22.6,53,-,6.9,4.8,7.6
28.7,37,22.5,47,1.02,6.9,1.3,3.5
29.1,35.6,24,48,0,6.9,3,5.4
,,,,,,,
,,,,,,,
,,,,,,,
26.8,35.6,20.5,48,0,6.9,3.9,9.4
27.6,35.1,22.3,49,0,6.9,3.3,7.6
28.2,34.2,23.3,51,0,6.9,2.8,3.5
,,,,,,,
,,,,,,,
,,,,,,,
27.3,36.6,21,55,-,6.3,3.1,7.6
26.9,37,20.8,59,0,6.9,2.8,3.5
26,33.2,22.5,67,-,6.9,3.1,7.6
,,,,,,,
,,,,,,,
,,,,,,,
28.1,33,23.7,60,0,6.9,2,5.4
27.1,33.8,22.5,63,0,6.9,5,7.6
27.1,35,21.8,58,2.54,6.3,6.9,18.3
,,,,,,,
,,,,,,,
,,,,,,,
26.2,35.5,19.4,67,20.07,6.9,4.3,7.6
26.8,33.7,20.2,61,0,6.9,4.8,9.4
26.1,35.1,19.9,70,40.89,6.9,4.6,7.6
,,,,,,,
,,,,,,,
,,,,,,,
27.6,34,21.9,67,0,8.5,4.3,7.6
26.2,33.3,21,75,0,6.9,6.1,9.4
23.1,33.1,20,84,83.31,6.3,5,7.6
,,,,,,,
,,,,,,,
,,,,,,,
24.9,31.2,20.8,74,0.51,6.9,6.3,9.4
26.1,31.5,20.8,69,0,6.9,4.4,5.4
26.4,32.1,21.8,70,0,6.9,6.3,9.4
25.7,32.4,22,70,0,6.9,6.3,7.6
,,,,,,,
,,,,,,,
,,,,,,,
23.9,31.2,22,71,-,6.9,7.4,9.4
25,29.6,21.5,67,0,6.9,7.4,9.4
23.4,29.6,21.1,77,0,6.9,8.1,14.8
,,,,,,,
,,,,,,,
,,,,,,,
24.2,27.5,20.7,78,1.02,6.9,7.2,9.4
25.8,29.7,22,66,1.02,6.9,7.4,11.1
25.1,31.2,21.5,67,0,6.9,7,9.4
,,,,,,,
,,,,,,,
,,,,,,,
23.4,29,20,76,3.56,6.9,5.2,9.4
24.2,28,21,83,0,6.9,5.7,7.6
24.6,29,20.8,75,0.25,6.9,7.8,9.4
,,,,,,,
,,,,,,,
,,,,,,,
23.8,29.4,20.6,77,-,6.9,8.9,14.8
24.2,29,20.4,71,0,7.4,11.9,18.3
23.6,29.5,20.4,73,361.19,7.4,10.9,14.8
,,,,,,,
,,,,,,,
,,,,,,,
24.6,29,19.3,69,-,6.9,8,11.1
25.2,29.7,20.5,66,0,6.9,7.2,11.1
23.8,29.9,20.9,76,-,6.9,7.6,14.8
,,,,,,,
,,,,,,,
,,,,,,,
23.2,29.3,20.5,79,6.1,6.9,3.9,5.4
23.2,27.4,20.4,78,2.54,6.9,4.4,7.6
24.4,28.2,20.2,68,0,6.9,5,9.4
,,,,,,,
,,,,,,,
,,,,,,,
22.9,28.5,20,75,1.52,7.4,7.6,51.9
22.9,27,20,73,0,6.9,9.4,14.8
22.2,27.2,20.2,80,-,6.9,11.1,14.8
,,,,,,,
,,,,,,,
,,,,,,,
22.2,26.6,20.6,87,-,6.9,10.2,14.8
23.5,26.7,20.6,66,9.4,6.9,9.1,11.1
23.8,28.7,19.7,74,0.76,6.9,8.1,11.1
,,,,,,,
,,,,,,,
,,,,,,,
25.2,30.3,20.5,65,-,6.9,7.2,9.4
25.4,30.5,20.5,64,0,6.9,9.1,14.8
24.4,30.2,20.5,71,-,6.9,8.3,14.8
,,,,,,,
,,,,,,,
,,,,,,,
24.9,30.7,22,75,1.27,5.8,3,7.6
25.2,30.5,21.4,67,8.38,6.9,4.8,11.1
25,31.5,21.6,69,1.78,6.9,5.7,9.4
24.3,31.2,20.3,72,0,6.9,8.9,14.8
,,,,,,,
,,,,,,,
,,,,,,,
25.7,30.2,21.2,65,0,6.3,7.2,11.1
25.8,31.2,22,66,-,6.9,5,14.8
23.8,31.3,21.5,79,1.02,6.9,5.6,11.1
,,,,,,,
,,,,,,,
,,,,,,,
23.3,27.6,21.2,75,0,6.3,2.8,5.4
24.8,27.6,21.6,67,0,6.9,1.9,5.4
22.3,28.3,19.2,84,128.78,6.9,2.2,7.6
,,,,,,,
,,,,,,,
,,,,,,,
22.6,28.9,20.3,84,5.33,6.3,6.7,14.8
22.3,28.6,20.3,86,13.21,6.9,8.1,11.1
23.6,27,20.3,78,3.3,6.9,7,9.4
,,,,,,,
,,,,,,,
,,,,,,,
22.8,26.8,20.5,86,31.75,4.8,6.3,9.4
23.8,28,20.8,77,0,6.9,9.1,11.1
22.3,28.5,21,89,0.25,4.8,7.6,14.8
,,,,,,,
,,,,,,,
,,,,,,,
24.9,29,20.5,73,-,6.4,4.8,9.4
23.7,30.6,19.8,84,71.88,6.3,4.1,7.6
22.6,27.8,20.8,92,33.02,4.8,1.9,5.4
23.2,27.3,19.9,87,21.84,5.5,3.7,7.6
,,,,,,,
,,,,,,,
,,,,,,,
24.1,28.5,21.3,83,6.6,6.3,1.9,3.5
23.9,30,20.5,82,1.27,6.3,2,11.1
23.6,28.2,20,82,68.33,6.8,2,5.4
,,,,,,,
,,,,,,,
,,,,,,,
25.3,31,22.2,72,0,6.9,4.6,7.6
24.8,30.6,21,75,-,6.9,5.9,11.1
23.7,31.1,21,78,2.29,6.9,6.3,7.6
,,,,,,,
,,,,,,,
,,,,,,,
23.1,27.2,20.4,75,0,6.3,11.7,14.8
23.2,27.7,19.4,68,0,6.9,10.9,18.3
22.8,28.5,19.3,80,0,6.3,10,14.8
,,,,,,,
,,,,,,,
,,,,,,,
22.8,29,19.4,81,54.36,6.3,3.3,5.4
23.8,27.2,20.6,78,9.14,6.9,3.9,9.4
21.9,28.1,20,91,55.88,5.5,4.1,7.6
,,,,,,,
,,,,,,,
,,,,,,,
23.1,27.4,20.7,85,0.51,6.3,4.3,7.6
23.3,28.4,19.4,82,45.97,6.3,3.1,5.4
24.9,28,20.6,74,0,6.9,4.3,7.6
,,,,,,,
,,,,,,,
,,,,,,,
23.7,29,21.2,84,14.48,5.5,1.1,5.4
24.6,28.8,21.3,80,48.01,6.9,3,7.6
24.8,29,21.5,80,2.03,6.6,3.1,37
,,,,,,,
,,,,,,,
,,,,,,,
22.9,27.5,20.5,87,68.07,5.3,2.4,5.4
22.1,27.6,19.8,93,34.04,3.7,1.9,9.4
22.3,25.6,19.6,85,40.39,5.3,6.5,7.6
,,,,,,,
,,,,,,,
,,,,,,,
23.7,29,20.1,67,0,6,1.3,3.5
24.4,29.8,20.4,67,0,6.3,3.1,7.6
24.8,30.6,20.4,66,0,6.3,3.1,7.6
,,,,,,,
,,,,,,,
,,,,,,,
25.2,31.3,20.8,64,0,6.3,2.4,5.4
23.7,29.6,21,68,0,7.7,2.4,5.4
23.9,28.8,20.2,68,0,6.9,2,5.4
,,,,,,,
,,,,,,,
,,,,,,,
22.2,26.7,19.4,71,0,6.9,5.6,7.6
21.7,25,19.9,78,0,6.9,5,7.6
22.9,26.6,18.8,66,0.25,6.9,3.7,7.6
23.2,27.8,19.3,66,0,6.9,3.1,7.6
,,,,,,,
,,,,,,,
,,,,,,,
21.5,25.6,19.2,87,1.52,6.9,3,5.4
22,26,18.3,80,13.46,6.9,2.2,7.6
22.5,27.2,18.6,64,0,6.3,3.9,5.4
,,,,,,,
,,,,,,,
,,,,,,,
23.6,28.2,19.3,65,0,6.3,4.1,7.6
23.5,29.1,19.4,74,0,6.9,0.9,5.4
24.4,28.7,21,74,0,6.3,2,7.6
,,,,,,,
,,,,,,,
,,,,,,,
24.1,30,20.5,71,0,6.3,2.8,5.4
24.2,29,20.7,70,0,6.3,3.5,5.4
23.8,29.6,20.2,70,0,6.3,3.9,5.4
,,,,,,,
,,,,,,,
,,,,,,,
22.7,30,18.6,65,0,5.8,5,7.6
22.2,28,17.4,76,0,6,4.1,5.4
22.4,26.8,19.2,78,0,6,5,11.1
,,,,,,,
,,,,,,,
,,,,,,,
19.8,24.7,19,95,10.67,4,7,9.4
19.8,21.6,18.2,88,8.89,4.8,7,9.4
20.8,23.6,18.3,82,0,6.9,4.6,9.4
,,,,,,,
,,,,,,,
,,,,,,,
22.8,29.2,18.5,63,0,6.3,3.1,7.6
22.6,29.7,15.9,47,0,6.3,0.7,5.4
22.6,30.8,16.8,55,0,6.8,0,-
,,,,,,,
,,,,,,,
,,,,,,,
22.7,28.1,19.6,72,0,4.2,1.1,5.4
22.6,28.5,18.4,63,0,6,4.6,9.4
22.2,29.3,17.1,66,0,6,5.7,7.6
,,,,,,,
,,,,,,,
,,,,,,,
21,26,15.3,63,0,6.3,6.7,9.4
22.1,28,17.2,58,0,6.3,3.1,5.4
22,28.8,16,56,0,6.3,4.3,7.6
,,,,,,,
,,,,,,,
,,,,,,,
20.4,28.5,16.6,72,0,6,0.9,3.5
21.6,28,16.2,57,0,6.3,4.8,7.6
20.6,29.2,15.5,57,0,5.8,4.6,5.4
,,,,,,,
,,,,,,,
,,,,,,,
-,-,-,-,-,-,-,-
22.2,28.4,16.6,53,0,7.7,0.9,5.4
22.1,28.9,17.8,58,0,5.1,1.1,-
22.2,29,18.4,62,0,6,3.9,5.4
,,,,,,,
,,,,,,,
,,,,,,,
20.4,27.2,15.2,52,0,6.3,4.1,7.6
20.1,27.2,14.8,50,0,6.9,6.5,7.6
21.2,26.6,15.5,59,0,6.3,6.7,9.4
,,,,,,,
,,,,,,,
,,,,,,,
23.4,30.6,17.6,48,0,6.3,4.1,5.4
23.3,31,16.3,42,0,5.8,2.8,11.1
22.4,30.7,16.3,49,0,6.3,3.3,7.6
,,,,,,,
,,,,,,,
,,,,,,,
20.7,28.7,14.3,48,0,6.9,7.2,9.4
20.4,28,14.2,45,0,6.3,4.6,7.6
20.9,28.5,14.3,46,0,6.3,4.1,7.6
,,,,,,,
,,,,,,,
,,,,,,,
22.7,29.1,17.1,48,0,6.3,2,5.4
21.9,29.8,16.2,44,0,6.3,2.6,7.6
21.3,29,16,53,0,6.9,4.4,11.1
,,,,,,,
,,,,,,,
,,,,,,,
21.4,29.2,15,42,0,6.9,5.2,9.4
21.9,29.6,13.2,26,0,6.9,3.1,7.6
22.6,30.4,15.9,30,0,8.5,5.4,9.4
21.7,30.1,15.8,32,0,6.9,6.3,11.1
,,,,,,,
,,,,,,,
,,,,,,,
23.3,32.3,20.2,67,0.51,6.3,3,5.4
23.3,30,19.2,54,0,6.9,2.4,5.4
24.4,30.2,19.7,61,0,6.9,1.5,5.4
,,,,,,,
,,,,,,,
,,,,,,,
23.5,30.2,18.5,49,0,6.3,5,11.1
23.3,29.9,17.9,58,0,6.9,5.6,7.6
23.4,30.7,17.4,60,0,6.3,5.7,7.6
,,,,,,,
,,,,,,,
,,,,,,,
24.3,32.1,16.8,34,0,6.3,5,9.4
22.8,32.2,17.4,39,0,6.9,7.4,18.3
24.2,31.5,17.5,31,0,6.9,5.4,11.1
,,,,,,,
,,,,,,,
,,,,,,,
24.7,31.2,17.3,34,0,7.4,6.9,11.1
25,32,17.8,34,0,6.9,3.9,5.4
25.2,32.7,18.2,28,0,6.9,5.9,11.1
,,,,,,,
25.2,33.2,18.2,26,0,6.9,5.2,7.6
25.5,32.5,18.3,25,0,6.9,4.8,7.6
25.7,33.2,17.5,21,0,6.9,2.4,5.4
,,,,,,,
,,,,,,,
,,,,,,,
25.5,34.6,16.5,29,0,7.7,7,11.1
25.4,33.5,18.5,25,0,6.9,5.7,9.4
26.2,33.3,17.8,27,0,6.9,5.9,7.6
,,,,,,,
,,,,,,,
,,,,,,,
25.8,32.5,20.1,57,0,6.9,4.1,7.6
26.5,31.6,22.4,50,0,6.9,4.8,11.1
25.8,32.1,21.6,60,0,6.9,4.6,11.1
,,,,,,,
,,,,,,,
,,,,,,,
25.6,31,19.6,39,0,7.4,2.8,48.2
26.7,33.8,19.5,37,0,6.9,2.4,5.4
27.4,33.7,21.4,44,0,6.9,2.2,3.5
,,,,,,,
,,,,,,,
,,,,,,,
27.3,33.4,21.7,43,0,7.7,3.9,7.6
27.1,34.1,20.8,34,0,6.9,3.3,7.6
27.4,34.4,21.5,42,0,6.9,3.3,5.4
,,,,,,,
,,,,,,,
,,,,,,,
25.9,34.8,21.1,60,3.3,6.3,4.1,9.4
27.6,33.2,21.2,54,0,6.9,2,7.6
24.7,33.5,20.6,72,0,6.9,2.2,5.4
26.1,33.1,19.8,55,13.72,7.4,0.7,3.5
,,,,,,,
,,,,,,,
,,,,,,,
26.7,33.5,21.6,51,0,8.5,3.1,5.4
26.4,32.6,21,47,0,6.9,5,7.6
26.2,32.7,21,49,0,6.9,5.2,7.6
,,,,,,,
,,,,,,,
,,,,,,,
27.6,33.5,21.7,51,0,6.9,5.9,11.1
28.3,34,23.1,50,0,6.9,5.2,7.6
28.2,34.6,23.9,52,0,7.7,3.9,7.6
,,,,,,,
,,,,,,,
,,,,,,,
27.9,34.8,23.9,63,1.02,6.9,2,7.6
25.5,34,22.8,63,17.02,6.9,1.1,5.4
28.2,34.8,22.2,51,0,7.4,1.1,3.5
,,,,,,,
,,,,,,,
,,,,,,,
26.6,34,22.2,63,3.81,6.9,3.1,7.6
27.2,34.4,22.8,62,0.51,6.9,4.1,5.4
28.3,34.7,22,51,0.51,9.2,2.8,9.4
,,,,,,,
,,,,,,,
,,,,,,,
26.9,35.2,21.4,64,5.59,6.3,5,11.1
26.5,33,23.3,73,0,7.7,4.8,9.4
25.9,34,20,72,0.76,6.9,3,9.4
,,,,,,,
,,,,,,,
,,,,,,,
27.8,33.5,23.4,57,0,6.9,3.9,7.6
25.9,33.5,22.8,70,0,6.9,3.7,9.4
27.2,32.8,21.8,59,0,6.9,4.1,9.4
,,,,,,,
,,,,,,,
,,,,,,,
24.9,32,21.5,74,0,7.4,1.1,37
23.8,32,21,78,17.78,6.9,1.9,5.4
24.8,31.4,20.6,63,16.51,6.3,0.9,3.5
,,,,,,,
,,,,,,,
,,,,,,,
25.9,31.2,21.4,66,-,6.9,6.1,11.1
25.2,32.4,20.5,65,8.64,6.9,2.6,9.4
24.1,32.4,21.5,77,0,6.3,3.1,11.1
,,,,,,,
,,,,,,,
,,,,,,,
23.5,32,21.4,89,33.02,6.3,4.1,7.6
25,29.8,21.1,78,3.05,5.5,2.4,5.4
26,30.8,22.2,71,0,6.9,2.2,5.4
,,,,,,,
,,,,,,,
,,,,,,,
25.6,29.7,20.9,77,10.41,7.7,6.7,9.4
24.4,30.3,21.8,83,0,6.6,3.5,5.4
23.8,31,20.9,81,1.52,5.5,3.9,7.6
23.7,29.8,20.8,83,1.78,6.9,6.5,7.6
,,,,,,,
,,,,,,,
,,,,,,,
23.9,30.1,21.7,79,0,6.9,12,14.8
23.3,29,21.2,83,0,6.3,11.9,16.5
22,25.8,20.7,86,3.81,6.6,12.8,14.8
,,,,,,,
,,,,,,,
,,,,,,,
24.1,28.3,20.8,77,4.06,6.3,11.3,14.8
23.2,27.9,21,84,4.06,6.3,7.8,11.1
23.8,29.6,20.5,77,16,6.9,6.5,9.4
,,,,,,,
,,,,,,,
,,,,,,,
23.8,28.9,20.1,74,0,6.9,12.8,14.8
23.4,29.1,20.7,78,0,6.9,12.6,14.8
23.5,28,20.9,79,0,6.9,9.1,11.1
,,,,,,,
,,,,,,,
,,,,,,,
23.5,27.8,20.1,77,0,6.9,8.3,11.1
23.1,28.1,20.2,75,0,6.9,11.9,16.5
21.9,28,20.1,86,5.08,6.9,10,14.8
,,,,,,,
,,,,,,,
,,,,,,,
24.2,29.5,20.6,75,0,6.9,9.4,14.8
24.8,29.4,20.9,68,-,6.9,10.9,14.8
24.4,30.2,20.7,68,0.51,6.9,8.1,11.1
,,,,,,,
,,,,,,,
,,,,,,,
22.9,26.3,20.5,82,0,6.9,11.3,16.5
22.4,26.4,20.3,86,0,8,6.7,9.4
22.8,26.4,20.7,85,1.02,6.9,8.7,14.8
,,,,,,,
,,,,,,,
,,,,,,,
22.2,27.4,20.5,86,0,7.7,10.9,14.8
22.4,26.5,20.3,86,4.57,6.9,8.5,11.1
23.6,27.2,20.4,74,1.78,6.9,10,13
,,,,,,,
,,,,,,,
,,,,,,,
23,28.6,21,79,0,6.9,14.8,25.9
23,27,20.4,77,0,6.9,14.6,22.2
22.7,26.9,20.3,83,0,8.5,14.8,18.3
,,,,,,,
,,,,,,,
,,,,,,,
23.3,28.2,20.2,82,1.02,6.9,9.1,14.8
23.7,28.8,20.6,79,0,6.9,8.9,11.1
23.3,27.3,20.5,76,0,6.9,10.9,16.5
,,,,,,,
,,,,,,,
,,,,,,,
23.1,28.3,20.3,81,4.83,6.9,10,22.2
21.9,27.2,19.4,85,5.33,5.5,8.7,18.3
23.6,28,18.7,77,14.99,6.9,9.6,22.2
23.3,28.6,20.8,76,0,6.9,8.5,16.5
,,,,,,,
,,,,,,,
,,,,,,,
21.9,27.7,19.7,84,11.43,7.4,11.1,14.8
22,25.4,20,88,3.56,5.5,8.3,13
23.4,27.6,20.2,76,8.89,6.3,9.8,18.3
,,,,,,,
,,,,,,,
,,,,,,,
21.7,24.6,19.4,85,3.3,7.4,10.2,18.3
21.9,25,19.6,88,1.02,5.5,10,22.2
22.2,25.7,20.1,87,6.35,5.5,7.6,11.1
,,,,,,,
,,,,,,,
,,,,,,,
23.3,27.4,20.7,77,0,6.3,13.1,18.3
22.8,27.3,20.2,78,0,6.9,11.7,18.3
23.3,27.4,19.7,72,0,6.9,10.6,18.3
,,,,,,,
,,,,,,,
,,,,,,,
23.7,27.8,19.8,75,41.66,6.9,8.3,11.1
22.4,28.5,20,83,0,6.3,6.3,14.8
21.9,28.3,19.5,86,8.38,6.3,6.7,11.1
,,,,,,,
,,,,,,,
,,,,,,,
23.3,28.8,20.3,78,19.81,7.4,6.9,11.1
23.7,28.3,20,73,0,6.9,6.5,11.1
23.8,28.2,20.3,71,0.25,6.6,7.8,9.4
24.7,29.3,19.7,61,0,6.9,6.5,9.4
,,,,,,,
,,,,,,,
,,,,,,,
24.4,29.2,20.3,63,0,6.9,8.7,14.8
24.3,29.1,20.1,66,0,6.9,7.8,14.8
25.7,30,20.5,59,0,6.9,5.4,9.4
,,,,,,,
,,,,,,,
,,,,,,,
25,31.6,22.3,72,0.25,6.9,1.9,3.5
24.8,30.3,20.4,69,33.02,6.3,1.5,5.4
23.9,31.7,20.1,77,16,6.6,2,5.4
,,,,,,,
-,-,-,-,-,-,-,-
,,,,,,,
,,,,,,,
22.7,29.1,19.5,81,13.97,6.3,5,9.4
23.5,28.4,20,71,0,6.3,5.7,9.4
23.9,28.2,18.4,64,0,6.9,4.8,7.6
,,,,,,,
-,-,-,-,-,-,-,-
,,,,,,,
,,,,,,,
23.7,30.3,19.9,79,32.26,5.5,0.4,3.5
25.1,29.2,21.3,72,1.27,6.9,3.5,5.4
25.3,29.9,21.4,69,4.32,6.9,3.7,7.6
,,,,,,,
25.5,30.9,21.6,73,0.25,6.9,5.2,7.6
24.9,30.3,21.3,71,0,6.9,4.6,5.4
24.1,30.4,21.6,75,0.25,6.9,5,7.6
,,,,,,,
,,,,,,,
,,,,,,,
24.2,28.2,20.2,70,7.87,6.9,3.3,5.4
24.1,29.5,20.8,72,0,6.3,3.1,3.5
24.3,29.5,20.6,65,4.32,6.3,1.5,5.4
,,,,,,,
,,,,,,,
,,,,,,,
25,31.5,20.4,67,0,6.3,2.4,5.4
24,30.3,21,75,1.02,6.9,3.1,3.5
23.4,29.8,20.1,82,3.81,6.9,0.4,3.5
,,,,,,,
,,,,,,,
,,,,,,,
24.4,28.7,20.2,71,1.02,7.4,3.1,3.5
23.8,29.3,19.7,58,0,6.9,3.1,3.5
23.7,29,19.7,60,0,6.3,5,7.6
,,,,,,,
,,,,,,,
,,,,,,,
23.9,30.2,18.2,58,0,5.5,5,9.4
23.8,29.3,18.7,58,0,6.6,4.6,7.6
23.4,29.5,18.2,51,0,6.9,3.7,7.6
,,,,,,,
,,,,,,,
,,,,,,,
24.8,30.1,19.7,64,0,6.3,4.6,11.1
24.3,30.4,20,65,0,6.3,3.9,5.4
22.9,30.3,19.8,78,0,6.6,5.2,5.4
22.8,27.7,20.4,81,0.51,5.5,8.1,14.8
,,,,,,,
,,,,,,,
,,,,,,,
23.3,30,18,48,0,6.9,3.9,7.6
22.2,29.6,16,60,0,6.9,3,5.4
23.4,29.2,17.5,58,0,6.3,5,7.6
,,,,,,,
,,,,,,,
,,,,,,,
22.4,30,16.2,44,0,6.9,1.3,3.5
23,30.5,14.8,44,0,6.9,0.9,3.5
23.3,31,16.5,68,0,6.9,5.4,7.6
,,,,,,,
-,-,-,-,-,-,-,-
-,-,-,-,-,-,-,-
-,-,-,-,-,-,-,-
-,-,-,-,-,-,-,-
-,-,-,-,-,-,-,-
-,-,-,-,-,-,-,-
,,,,,,,
,,,,,,,
22.6,27.6,19.2,70,0,4.8,3.1,5.4
22.2,28.8,18,66,0,5.6,3.3,5.4
20.8,29,16.3,64,0,5,5,9.4
,,,,,,,
,,,,,,,
,,,,,,,
21.8,29.5,18,62,0,6.3,4.3,9.4
21.8,28.3,15.6,56,0,6.9,4.6,7.6
21.7,28.8,18.2,67,0,6.9,3.3,7.6
,,,,,,,
,,,,,,,
,,,,,,,
22.3,29.3,18.3,70,0,6.8,3.1,5.4
22.5,28.2,17.7,72,0,6.8,4.8,7.6
23.1,29.4,17.6,62,0,5.8,5.2,11.1
,,,,,,,
,,,,,,,
,,,,,,,
22.3,29.9,18.7,70,0,6,3,9.4
22.8,28.9,17.7,59,0,5.3,3.1,5.4
21.8,28.9,17.7,59,0,6.3,7,9.4
,,,,,,,
,,,,,,,
,,,,,,,
21.6,28.5,16,67,0,6.3,3.1,11.1
22.2,27.7,17.7,63,0,6.9,2.8,7.6
22.7,28.4,18.1,65,0,6.3,3.9,5.4
,,,,,,,
,,,,,,,
,,,,,,,
23.4,29.1,18.4,62,0,6,5.7,9.4
23.8,30.2,17.7,56,0,5.5,6.1,9.4
24,31.4,19,63,0,6.3,5.4,7.6
,,,,,,,
,,,,,,,
,,,,,,,
20.9,25.8,16.6,51,0,6.6,3.9,11.1
